Compounds,crg,delta_S,r,delta_r,mass,delta_mass,specific,delta_specific,vaporization,delta_vaporization,fusion,delta_fusion,electronegativity,delta_electronegativity,density_re,delta_density_re,modulus_re,delta_modulus_re,Tm_re,delta_Tm_re,energy,delta_energy,formation,delta_formation,enthalpy,delta_enthalpy,lambda,delta_lambda,modulus_reo,delta_modulus_reo,Tm_reo,delta_Tm_reo,density_reo,delta_density_reo,CFS,delta_CFS
Yb0.25Lu0.25Tm0.25Er0.25Ho0.25Dy0.25Gd0.25Sm0.25Si2O7,8.26,10.68861,0.2147,0.2818,31.67193,54.03934,156.54545,236.34514,109.81818,129.14629,11.50227,16.67606,0.53886,0.64044,1.78827,2.74667,24.70455,32.82115,478.06591,549.08654,2.43855,2.82425,-482.82273,629.99273,-456.09091,596.54416,0.24975,0.32462,34.34091,55.75683,692.72727,807.17731,1.85114,2.72639,5.14614,8.48375
Yb0.5Sc0.5Er0.5Tm0.5Si2O7,28.9,9.64082,0.22636,0.2751,30.297,51.60614,176.77273,242.19447,111.31818,124.29263,11.87273,16.51319,0.57045,0.63549,1.69368,2.51881,26.22727,32.61879,502.63182,546.72169,2.62338,2.8265,-518.43636,630.13497,-487.45455,593.20066,0.26814,0.32396,40.27273,62.08933,747.63636,816.0046,1.85773,2.62373,5.32159,8.40761
Yb0.4Tm0.4Lu0.4Sc0.4Er0.4Si2O7,65,9.97813,0.22695,0.2759,31.62131,53.27164,172.83636,241.13268,117.2,130.58835,12.12364,16.47425,0.57164,0.63584,1.79753,2.69491,26.36364,32.58451,513.99636,557.50122,2.59243,2.80891,-522.34545,636.96768,-492,601.14739,0.26724,0.32219,40.83636,63.10932,750.94545,820.85704,1.92509,2.72816,5.31353,8.41103
Gd0.6667Sc0.6667Yb0.6667Si2O7,13.15,9.20608,0.22734,0.27776,27.84973,48.06589,187.33454,242.15783,112.72862,126.32082,11.1697,16.70926,0.56728,0.63442,1.48162,2.08199,25.81833,32.71196,479.69768,525.39344,2.63159,2.8323,-511.99448,618.61793,-480.19368,580.22492,0.28304,0.35104,39.94069,61.82247,751.10606,820.9712,1.72065,2.39991,5.32102,8.41077
Sc0.5Er0.5Yb0.5Y0.5Si2O7,29,9.64082,0.22741,0.27706,26.65936,45.43454,183.04545,240.49476,117.22727,130.23625,11.62727,16.58923,0.56909,0.63484,1.47332,2.10883,26.04545,32.6175,501.76818,545.59309,2.62488,2.82751,-511.93636,618.35346,-481.54545,582.32087,0.26814,0.32396,40.5,62.514,747.27273,815.47373,1.69455,2.36888,5.31264,8.41282
Sc0.4Ho0.4Er0.4Yb0.4Lu0.4Si2O7,23.7,9.97813,0.22782,0.27753,31.47571,52.95554,173.01818,241.04182,117.74545,130.8607,12.13091,16.47295,0.57091,0.63549,1.77844,2.65112,26.18182,32.58726,511.41455,554.38728,2.58651,2.80498,-520.30909,633.23252,-490,597.44623,0.26869,0.32481,40.47273,62.48116,750.83636,820.69917,1.91818,2.71455,5.30607,8.41536
Yb0.4Tm0.4Lu0.4Sc0.4Gd0.4Si2O7,50.5,9.97813,0.22869,0.2793,31.25735,52.50911,175.45455,240.25196,117.92727,131.15863,11.76364,16.57434,0.57018,0.63519,1.75516,2.60577,26.14545,32.59765,507.30545,550.62524,2.59397,2.80995,-522.30909,636.90255,-491.81818,600.81988,0.27636,0.33903,40.47273,62.53933,753.70909,824.72281,1.88036,2.64641,5.29982,8.41931
Ho0.5Er0.5Dy0.5Sc0.5Si2O7,7.29,9.64082,0.22945,0.28085,29.63568,50.0645,177.59091,241.7587,117.45455,126.10556,12.03636,16.41634,0.575,0.63697,1.75986,2.62673,26.45455,32.52387,526.36364,556.18757,2.60165,2.81245,-519.61818,631.86899,-488.13636,594.06508,0.27586,0.3373,39.59091,60.90125,747.09091,815.24253,1.82318,2.54651,5.29523,8.42293
Yb0.4Y0.4Lu0.4Sc0.4Gd0.4Si2O7,0.76,9.97813,0.22953,0.28084,28.34724,47.86127,180.47273,238.94897,122.65455,135.35043,11.56727,16.63334,0.56909,0.63467,1.57887,2.3066,26,32.59615,506.61455,549.73874,2.59517,2.81078,-517.10909,627.658,-487.09091,592.30874,0.27636,0.33903,40.65455,62.87603,753.41818,824.30616,1.74982,2.44995,5.29265,8.42345
Gd0.5Sc0.5Yb0.5Y0.5Si2O7,10.39,9.64082,0.22959,0.28128,26.20441,44.22688,186.31818,239.1546,118.13636,130.94929,11.17727,16.68952,0.56727,0.63401,1.42036,1.94922,25.77273,32.62918,493.40455,536.46052,2.6268,2.82876,-511.89091,618.26834,-481.31818,581.89151,0.27955,0.34465,40.04545,61.78924,750.72727,820.35774,1.63864,2.24035,5.2955,8.42317
Lu0.2857Yb0.2857Sc0.2857Er0.2857Y0.2857Ho0.2857Dy0.2857Si2O7,3.2,10.48658,0.23057,0.2822,30.47065,50.73206,172.54485,238.72756,119.89446,131.89316,11.85711,16.53062,0.56986,0.63472,1.72956,2.5539,26.02582,32.52943,515.05412,554.31039,2.58669,2.80402,-519.86494,632.27639,-490.03968,597.16102,0.27088,0.32849,39.92078,61.33704,748.66027,817.52503,1.86125,2.61392,5.27866,8.42963
Gd0.4Sc0.4Er0.4Yb0.4Y0.4Si2O7,60.1,9.97813,0.23058,0.2827,28.06695,47.12381,180.98182,238.66174,117.92727,129.89102,11.49091,16.62377,0.568,0.63411,1.55069,2.22079,25.85455,32.5802,500.57818,541.37465,2.61997,2.82398,-515.21818,624.10093,-484.90909,588.15112,0.27487,0.33683,39.56364,60.76971,748.10909,816.61569,1.72145,2.37721,5.2832,8.42876
Yb0.6667Lu0.6667Tm0.6667Si2O7,15.36,9.20608,0.23067,0.28148,36.43766,58.0589,157.45453,235.60901,115.27418,132.16077,11.94549,16.57467,0.56485,0.6325,1.98315,2.8813,25.69711,32.53044,501.1531,552.7023,2.56484,2.79107,-528.90426,647.94119,-500.49754,615.02962,0.26425,0.31617,40.06191,61.33734,751.28789,821.25994,2.12976,2.96846,5.26847,8.43156
Er0.5Tm0.5Yb0.5Lu0.5Si2O7,1.5,9.64082,0.23164,0.28319,36.20659,57.61721,158,235.38672,115.72727,130.5466,12.14545,16.50243,0.56636,0.63301,2.00532,2.90778,25.81818,32.49418,508.17727,554.52663,2.57176,2.79449,-528.8,647.60859,-500.18182,614.32141,0.26223,0.3128,39.45455,60.165,747.86364,816.35655,2.11045,2.93242,5.25986,8.43642
Lu0.25Yb0.25Sc0.25Er0.25Y0.25Ho0.25Dy0.25Tb0.25Si2O7,2.3,10.68861,0.23182,0.28437,30.91291,51.08607,171.25,238.1498,119.77273,131.28695,11.76136,16.55205,0.56909,0.63428,1.75316,2.57289,25.925,32.51506,513.63409,551.56426,2.58191,2.8006,-521.23182,634.59686,-491.31818,599.2856,0.27043,0.3276,39.52273,60.56246,747.54545,815.87963,1.86864,2.60899,5.26702,8.43584
Ho0.4Er0.4Tm0.4Yb0.4Lu0.4Si2O7,0.71,9.97813,0.23262,0.28494,35.984,57.19182,158.21818,235.2945,115.27273,129.08474,12.16,16.46681,0.56691,0.63313,2.0088,2.90438,25.74545,32.47305,511.56,554.57249,2.5728,2.79444,-528.52727,647.03187,-499.81818,613.58219,0.26505,0.31787,39.09091,59.44609,748.4,817.05493,2.09055,2.89582,5.25138,8.44122
Yb0.5Lu0.5Ho0.5Er0.5Si2O7,2.9,9.64082,0.23273,0.28515,36.02459,57.27557,158.22727,235.29379,116.40909,130.89903,12.15455,16.50079,0.56545,0.63256,1.98145,2.85982,25.59091,32.49111,504.95,550.55151,2.56436,2.78945,-526.25455,643.05368,-497.68182,609.84462,0.26405,0.31621,39,59.32193,747.72727,816.15727,2.10182,2.91749,5.25055,8.44173
Lu0.3333Yb0.3333Tm0.3333Er0.3333Ho0.3333Y0.3333Si2O7,4.09,10.2534,0.23323,0.28604,33.52962,53.98922,162.39356,234.70433,118.45138,131.62905,11.99993,16.50061,0.56696,0.63308,1.88001,2.74191,25.72699,32.4577,515.37445,556.45067,2.57936,2.79847,-525.68264,642.20158,-497.27791,609.24156,0.26571,0.31896,39.30049,59.82758,748.57596,817.29423,1.97413,2.74643,5.246,8.44433
Y0.5Er0.5Tm0.5Yb0.5Si2O7,35.7,9.64082,0.23341,0.28631,32.29473,52.21111,164.54545,234.33044,114.13636,127.96893,11.66364,16.58341,0.56409,0.63186,1.76127,2.5429,25.5,32.46957,501.95,545.83357,2.60773,2.8148,-522.20909,636.15365,-493.81818,603.17017,0.26359,0.31521,38.77273,58.69076,744.22727,810.86274,1.91,2.65053,5.24427,8.44514
Yb0.4Y0.4Lu0.4Ho0.4Er0.4Si2O7,3.11,9.97813,0.23345,0.28643,33.07389,53.37991,163.23636,234.56808,120,133.49566,11.96364,16.5339,0.56582,0.6326,1.83251,2.66686,25.6,32.46861,510.86909,553.701,2.574,2.79529,-523.32727,638.01706,-495.09091,605.35278,0.26505,0.31787,39.27273,59.80708,748.10909,816.63127,1.96,2.73392,5.24422,8.44528
Yb1Y1Si2O7,9.19,8.59303,0.23345,0.28642,28.92009,47.07025,170.18182,233.43418,114.36364,132.23232,10.86364,16.80096,0.55636,0.62861,1.42745,1.84253,24.72727,32.52428,470.26364,523.74553,2.61588,2.82033,-511.34545,616.76218,-483.81818,585.28403,0.26455,0.31674,39,59.14927,744.09091,810.64262,1.77091,2.46399,5.24418,8.44528
Dy0.5Ho0.5Tm0.5Yb0.5Si2O7,4.3,9.64082,0.23445,0.28819,35.53405,56.32311,158.45455,235.19312,108.68182,121.92144,11.51818,16.59386,0.56364,0.63163,1.93436,2.75937,25.31818,32.46721,495.72273,538.30329,2.59116,2.80406,-525.52727,641.76795,-496.31818,607.40605,0.27227,0.33052,37.86364,56.92476,744.27273,810.94552,2.06273,2.84168,5.23573,8.45007
Ho0.5Er0.5Dy0.5Lu0.5Si2O7,6.96,9.64082,0.23473,0.28869,35.54527,56.35418,158.81818,235.04528,121.86364,131.93872,12.30909,16.40106,0.57091,0.63454,2.0715,2.99048,26.04545,32.40359,531.90909,563.47945,2.55004,2.77961,-529.98182,649.26508,-500.86364,615.13307,0.26995,0.32683,38.77273,58.92265,747.31818,815.59505,2.07591,2.86853,5.2335,8.45138
Gd0.4Ho0.4Er0.4Yb0.4Lu0.4Si2O7,22.4,9.97813,0.23484,0.289,35.55913,56.40973,161.12727,234.5356,117.27273,130.42934,11.91273,16.56108,0.56509,0.63227,1.9572,2.80743,25.49091,32.47635,503.12364,545.38719,2.57155,2.79357,-526.67273,643.70665,-497.81818,609.99844,0.2716,0.331,38.36364,58.12695,748.47273,817.16123,2.04727,2.82594,5.23353,8.45162
Yb0.2857Lu0.2857Tm0.2857Er0.2857Ho0.2857Dy0.2857Gd0.2857Si2O7,7.62,10.48658,0.23498,0.28922,35.46582,56.21809,160.46742,234.68413,116.18033,128.42529,11.84153,16.54597,0.56649,0.6328,1.98316,2.8475,25.63622,32.45232,509.62577,548.61334,2.57515,2.79528,-528.12434,646.23271,-499.00035,612.05606,0.27295,0.33286,38.28448,57.92065,747.17981,815.28726,2.04669,2.82044,5.23196,8.45246
Ho0.5Er0.5Dy0.5Yb0.5Si2O7,6.57,9.64082,0.23505,0.28922,35.45791,56.1742,158.81818,235.04528,110.27273,123.06896,11.65909,16.58865,0.56318,0.6314,1.92282,2.734,25.27273,32.46286,493.54091,535.41129,2.58768,2.80169,-523.25455,637.63639,-494.04545,603.25843,0.26905,0.32539,37.40909,56.01183,740.90909,806.0953,2.06455,2.84503,5.23055,8.45297
Ho0.5Er0.5Dy0.5Tm0.5Si2O7,6.52,9.64082,0.23545,0.2899,35.27105,55.79663,159.09091,234.92561,114.36364,123.77188,12.07273,16.40897,0.57,0.63407,2.04782,2.94089,25.90909,32.38678,526.54545,556.41032,2.58451,2.79944,-529.89091,649.09986,-500.40909,614.30063,0.27132,0.32909,37.86364,56.92476,744.04545,810.62911,2.03864,2.79423,5.22686,8.45498
Gd0.6667Er0.6667Yb0.6667Si2O7,44.5,9.20608,0.23613,0.29129,35.26234,55.83787,163.15173,233.95598,110.72854,124.42765,11.40607,16.70189,0.56001,0.63007,1.85018,2.60131,25.03042,32.49697,477.0309,521.64315,2.60409,2.81231,-522.66158,636.65822,-493.52756,602.39849,0.27267,0.3341,37.03148,55.3143,742.56026,808.46363,2.01036,2.75902,5.22296,8.45764
Gd0.5Er0.5Yb0.5Y0.5Si2O7,31.1,9.64082,0.23618,0.29133,31.76364,51.07286,168.18182,233.20685,116.63636,129.68993,11.35455,16.68436,0.56182,0.63076,1.69677,2.39177,25.18182,32.46924,491.40455,533.79481,2.60618,2.81375,-519.89091,631.88352,-491.31818,598.56651,0.27177,0.3317,37.86364,57.00455,744.31818,810.99739,1.85591,2.54807,5.22195,8.4581
Ho0.5Er0.5Dy0.5Y0.5Si2O7,8.6,9.64082,0.2365,0.29171,31.63341,50.73051,165.36364,233.95,120.27273,129.51219,11.82727,16.49036,0.56864,0.63342,1.82745,2.64707,25.72727,32.38256,525.68182,555.36227,2.58601,2.80049,-523.39091,637.85987,-494.5,604.00858,0.27132,0.32909,38.09091,57.40327,743.68182,810.09207,1.87545,2.57527,5.21791,8.46
Gd0.6667Yb0.6667Y0.6667Si2O7,1.485,9.20608,0.23673,0.29235,30.51348,49.11729,171.03085,232.5907,116.48635,131.03589,10.8909,16.78168,0.55879,0.62947,1.57174,2.13459,24.84859,32.48751,478.78855,524.09529,2.61073,2.81679,-517.02499,626.85416,-488.67888,593.91651,0.27698,0.34067,37.94061,57.1916,746.56042,814.1762,1.79035,2.44487,5.21793,8.46049
Ho0.5Er0.5Dy0.5Gd0.5Si2O7,6.35,9.64082,0.23823,0.29483,34.73995,54.78024,162.72727,233.94367,116.86364,125.54301,11.76364,16.52352,0.56773,0.63302,1.98332,2.82197,25.59091,32.39304,516,545.38418,2.58295,2.79836,-527.57273,644.96064,-497.90909,609.82521,0.2795,0.34462,36.95455,55.1601,744.13636,810.76383,1.98455,2.70145,5.20455,8.46785
Sc0.6667Er0.6667Yb0.6667Si1O5,14.8,9.76833,0.25859,0.29392,35.61679,55.06803,162.835,225.9312,108.46016,119.68245,9.90839,14.6541,0.54584,0.59178,1.84305,2.51955,23.50026,29.40661,498.16818,535.89647,2.59594,2.70401,-590.21227,668.2449,-553.68208,627.32794,0.30826,0.3498,51.12669,68.56255,812.31142,852.5694,2.13715,2.81535,4.22284,7.35512
Sc0.6667Yb0.6667Y0.6667Si1O5,0.594,9.76833,0.25942,0.29526,29.08712,45.2368,173.66874,223.9852,116.37712,129.21354,9.20003,14.64808,0.54418,0.59081,1.46021,1.79448,23.25025,29.3682,500.58493,539.04413,2.60508,2.71055,-582.46198,656.58337,-547.01516,617.0878,0.31418,0.35747,52.37673,70.24487,817.81163,859.3328,1.83464,2.39778,4.21592,7.35804
Gd0.1Sc0.7Ho0.2Er0.5Tm0.5Si1O5,7.4,10.47908,0.25987,0.29613,34.54521,53.45551,165.9875,226.13194,116.575,121.55827,10.51875,14.43863,0.55788,0.59744,2.0202,2.84716,24.525,29.36839,554.975,567.74307,2.58876,2.69895,-600.425,683.454,-563.1875,641.81787,0.31756,0.36288,51.825,69.56113,819.8125,861.86125,2.04938,2.66445,4.21346,7.35979
Ho0.5Yb0.5Lu0.5Sc0.5Si1O5,5.53,10.36614,0.26094,0.29699,38.37925,57.58763,153.75,222.16694,117.25,129.78332,10.19375,14.63439,0.5475,0.59223,2.05319,2.82318,23.5,29.32096,520.30625,555.85698,2.53539,2.66495,-598.7375,680.79137,-563.5625,641.89305,0.31375,0.35675,52,69.7128,822.8125,865.72074,2.26,2.95487,4.19562,7.36302
Gd0.6667Sc0.6667Yb0.6667Si1O5,6.65,9.76833,0.26259,0.30052,34.78267,53.45308,168.83523,224.18544,110.12689,121.30636,9.08336,14.68114,0.54251,0.58989,1.74597,2.29501,23.00024,29.35183,482.83427,518.20928,2.59948,2.7065,-590.12894,668.11563,-553.2654,626.67127,0.32918,0.38053,50.29332,67.55114,818.64499,860.38474,2.03464,2.64119,4.19142,7.36894
Y0.5Yb0.5Er0.5Sc0.5Si1O5,0.26,10.36614,0.26269,0.29963,33.146,50.53335,162.9375,220.81789,116.3125,127.07465,9.7125,14.63876,0.545,0.59071,1.73456,2.33047,23.3125,29.25824,513.18125,545.80934,2.59024,2.69932,-590.05,667.79341,-555.125,629.00289,0.30869,0.3499,51.0625,68.2345,813.375,853.78381,1.99875,2.60904,4.17988,7.36918
Gd0.1Sc0.5Ho0.5Er0.4Tm0.5Si1O5,5.3,10.62616,0.26391,0.30153,37.51545,55.94222,155.9,221.45656,115,120.2461,10.5075,14.43419,0.5545,0.59523,2.16206,2.96526,24.05,29.23305,553.0125,565.65126,2.57418,2.68769,-604.6,689.07734,-568.5,648.87034,0.31745,0.36239,50.625,67.62343,818.95,860.6685,2.16025,2.77264,4.1696,7.37337
Yb0.4Ho0.4Er0.4Tm0.4Sc0.4Si1O5,0.19,10.82995,0.26405,0.30129,39.46682,57.89245,149.45,219.15824,108.775,117.96959,10.145,14.55628,0.5465,0.59123,2.12805,2.87119,23.35,29.19869,520.545,549.45644,2.57541,2.68826,-601.4625,684.46592,-566.25,645.32532,0.31095,0.3529,50.025,66.60151,814.675,855.34012,2.26525,2.90786,4.16355,7.37359
Lu2Si1O5,0.07,7.48473,0.26525,0.30166,47.25238,64.21589,127.25,206.46691,148.625,152.54873,11.775,14.51543,0.555,0.59492,2.7515,3.54788,24.5,29.16494,592.5,608.97483,2.37544,2.54892,-625.8625,718.17447,-594.5,684.02693,0.3025,0.3396,54.625,72.95411,836.625,882.84561,2.68625,3.3669,4.13675,7.37641
Lu1.932Dy0.068Si1O5,0.099,7.79314,0.26568,0.30231,47.14641,64.06383,127.3605,206.44209,147.4775,151.74235,11.68235,14.53144,0.55458,0.59468,2.74053,3.53322,24.4405,29.15528,590.3665,606.95202,2.3798,2.55203,-625.3015,717.39412,-593.82,683.08736,0.30344,0.34106,54.3275,72.56988,835.35,881.31847,2.67928,3.35726,4.13301,7.37788
Gd0.5Sc0.5Yb0.5Y0.5Si1O5,0.672,10.36614,0.26569,0.30444,32.52044,49.16677,167.4375,219.50096,117.5625,128.10311,9.09375,14.6527,0.5425,0.58928,1.66175,2.14419,22.9375,29.21435,501.68125,533.43985,2.59289,2.70121,-589.9875,667.69637,-554.8125,628.51299,0.32438,0.37333,50.4375,67.47431,818.125,859.64101,1.92187,2.46232,4.15631,7.37932
Lu1.667Yb0.1666Tm0.1666Si1O5,0.236,8.66113,0.26574,0.30236,47.08991,63.9692,127.37562,206.43393,139.88538,148.43613,11.36918,14.5917,0.55106,0.59296,2.67271,3.45805,24.0841,29.14914,572.49153,597.72038,2.40855,2.57386,-622.77438,713.99176,-591.20197,679.55721,0.30272,0.33993,53.58741,71.52713,832.23072,877.43016,2.66414,3.3355,4.13235,7.37795
Lu1Yb1Si1O5,0.0724,8.92544,0.26612,0.30291,47.01212,63.85038,127.25,206.46691,116.75,136.7062,9.9875,14.86009,0.53375,0.5841,2.34262,3.04336,22.375,29.06173,486.9875,542.27801,2.47895,2.62478,-607.3625,692.68347,-575.75,658.20696,0.3,0.33612,50.875,67.65865,819,861.13131,2.655,3.32059,4.12862,7.37938
Lu1.333Yb0.333Tm0.333Si1O5,0.093,9.2863,0.26613,0.30303,46.90524,63.71456,127.49644,206.42041,131.10701,143.34152,10.96193,14.6507,0.547,0.59099,2.59275,3.36248,23.66446,29.12665,552.31375,585.13661,2.4411,2.59809,-619.44018,709.71476,-587.66971,674.98559,0.30283,0.34025,52.52532,70.03905,827.55107,871.92346,2.64086,3.30326,4.12798,7.38012
Lu0.912Yb0.912Tm0.088Er0.088Si1O5,0.114,9.54459,0.26654,0.30352,46.88212,63.6571,127.47,206.41666,116.31,135.13003,10.0645,14.82558,0.53507,0.58474,2.36435,3.06845,22.485,29.05549,493.1486,545.31006,2.48568,2.62909,-608.3965,694.11218,-576.63,659.40405,0.3001,0.3363,50.655,67.30817,818.153,860.0321,2.64015,3.29965,4.12487,7.3808
Lu0.9Yb0.9Tm0.1Er0.1Si1O5,0.068,9.60112,0.2666,0.30361,46.86439,63.63067,127.5,206.40977,116.25,134.91349,10.075,14.82082,0.53525,0.58483,2.36731,3.07183,22.5,29.05458,493.98875,545.71346,2.4866,2.62967,-608.5375,694.30658,-576.75,659.56697,0.30011,0.33632,50.625,67.26015,818.0375,859.88199,2.63812,3.29678,4.12436,7.38099
Lu1Yb0.5Tm0.5Si1O5,0.076,9.64579,0.26669,0.30373,46.75519,63.46774,127.625,206.37592,122.375,137.14621,10.55625,14.6891,0.54313,0.58889,2.5145,3.26138,23.25,29.08971,532.36875,571.11314,2.47459,2.62113,-616.4875,705.45747,-584.5,670.42083,0.30312,0.3406,51.5,68.5016,823.3125,866.36932,2.61937,3.27087,4.12356,7.38128
Yb2Si1O5,7.8,7.48473,0.267,0.30416,46.77187,63.4813,127.25,206.46691,84.875,103.94232,8.2,14.85135,0.5125,0.57178,1.93375,2.32235,20.25,28.70363,381.475,425.55686,2.58246,2.69204,-588.8625,665.38253,-557,630.42634,0.2975,0.33257,47.125,61.5417,801.375,838.25313,2.62375,3.27314,4.1205,7.38234
Tm0.666Yb0.666Lu0.666Si1O5,0.061,9.76547,0.26702,0.30438,46.55802,63.20608,127.74294,206.37338,113.58465,129.71014,10.14866,14.712,0.539,0.58685,2.43396,3.15324,22.82871,29.04936,512.11745,555.57937,2.50678,2.6437,-613.01625,701.05608,-580.83771,665.70619,0.30317,0.3409,50.42511,66.88969,818.47487,860.70583,2.59547,3.23732,4.1192,7.3838
Gd0.4Sc0.4Er0.4Yb0.4Y0.4Si1O5,1.202,10.82995,0.26705,0.30599,35.08143,52.22403,160.1,217.60545,117.275,126.60769,9.525,14.65056,0.5435,0.58951,1.84095,2.4507,23.05,29.15791,511.545,540.04064,2.58349,2.69402,-594.5625,674.28846,-559.75,635.58095,0.31795,0.36458,49.775,66.35175,814.525,855.14992,2.03575,2.6126,4.1394,7.38371
Lu0.8Yb0.8Tm0.2Er0.2Si1O5,0.059,9.96552,0.26708,0.3043,46.71665,63.40963,127.75,206.35212,115.75,133.09357,10.1625,14.7806,0.53675,0.58556,2.392,3.09973,22.625,29.04656,500.99,548.98236,2.49425,2.63452,-609.7125,695.92269,-577.75,660.92172,0.30022,0.33652,50.375,66.85775,817.075,858.62911,2.62125,3.27266,4.1201,7.38259
Lu0.6667Yb0.6667Tm0.6667Si1O5,0.2528,9.76833,0.26717,0.30441,46.59103,63.21543,127.75035,206.34394,113.62702,129.70756,10.15007,14.71003,0.53918,0.58678,2.43558,3.1537,22.83356,29.04495,512.33537,555.57656,2.50769,2.64341,-613.37981,701.12524,-581.18311,665.7726,0.30334,0.34093,50.45999,66.89943,818.895,860.73414,2.59716,3.23775,4.11916,7.38285
Sc0.4Nd0.4Er0.4Yb0.4Lu0.4Si1O5,9.6,10.82995,0.26735,0.30702,38.73407,56.82061,150.4,218.8995,118.025,128.62343,9.91,14.75474,0.543,0.58958,2.06485,2.7862,23.1,29.26745,503.795,540.55442,2.51267,2.64927,-591.9125,671.4746,-556.5,632.16856,0.31695,0.36357,50.025,67.05044,809.175,849.40678,2.24775,2.89953,4.1413,7.38425
Lu0.898Yb0.898Ho0.068Dy0.068Gd0.068Si1O5,0.0461,9.69617,0.26746,0.30494,46.69475,63.39509,128.185,206.38264,116.64375,135.13193,9.93268,14.8332,0.53456,0.5844,2.34798,3.04068,22.37925,29.03117,491.03478,542.11654,2.48397,2.62762,-607.745,693.13207,-575.8775,658.2814,0.30357,0.34193,50.365,66.91624,818.29025,860.19077,2.62555,3.28209,4.11732,7.38386
Gd0.4Sc0.4Ho0.4Er0.4Tm0.4Si1O5,5.1,10.82995,0.26755,0.30671,38.67707,56.48868,153.75,218.18782,116.025,120.99442,10.26,14.49509,0.5515,0.59341,2.1946,2.95623,23.7,29.15397,545.25,558.37618,2.57022,2.68435,-606.2125,691.13899,-570.5,651.34886,0.32245,0.3704,49.525,65.96701,818.225,859.71907,2.17725,2.76259,4.13495,7.3854
Lu0.7Yb0.7Tm0.3Er0.3Si1O5,0.074,10.19512,0.26755,0.30498,46.56891,63.18726,128,206.29397,115.25,131.24533,10.25,14.73943,0.53825,0.58628,2.41669,3.12705,22.75,29.03766,507.99125,552.08764,2.5019,2.63933,-610.8875,697.53183,-578.75,662.27125,0.30034,0.33672,50.125,66.45139,816.1125,857.37264,2.60437,3.24821,4.11584,7.38419
Lu0.6Yb0.6Tm0.6Er0.1Ho0.1Si1O5,0.083,10.3596,0.26784,0.3054,46.43394,62.98324,128.0125,206.28575,113.625,128.63838,10.22375,14.68432,0.53988,0.58707,2.44434,3.15901,22.85,29.02587,515.905,556.17282,2.51039,2.64477,-613.2375,700.85835,-580.9375,665.35513,0.30361,0.34142,50.125,66.39493,817.8875,859.47517,2.58362,3.21821,4.11329,7.38514
Lu0.6Yb0.6Tm0.4Er0.4Si1O5,0.072,10.32429,0.26802,0.30567,46.42118,62.96354,128.25,206.2353,114.75,129.36754,10.3375,14.69729,0.53975,0.58699,2.44137,3.15382,22.875,29.02789,514.9925,555.03207,2.50955,2.64409,-612.0625,699.13406,-579.75,663.61559,0.30045,0.33692,49.875,66.04099,815.15,856.11257,2.5875,3.22344,4.11158,7.38579
Lu0.604Yb0.604Tm0.604Er0.047Ho0.047Dy0.047Gd0.047Si1O5,0.483,10.47226,0.26814,0.30588,46.37019,62.89603,128.4315,206.27802,113.83062,128.86334,10.1265,14.69799,0.53954,0.58688,2.43553,3.14674,22.81962,29.02298,514.24495,554.63467,2.50999,2.64454,-613.19212,700.79943,-580.83375,665.21468,0.30531,0.34419,50.05688,66.31327,817.95262,859.56024,2.57832,3.21227,4.1109,7.38615
Lu0.533Yb0.533Tm0.533Er0.2Ho0.2Si1O5,0.093,10.63824,0.26843,0.30636,46.26266,62.74537,128.27153,206.23961,113.60483,127.5611,10.29685,14.6588,0.5405,0.5874,2.45241,3.16407,22.86436,29.00864,519.38214,556.73402,2.51271,2.64626,-612.93937,700.56153,-580.54382,664.90853,0.30381,0.3419,49.77497,65.87924,816.69971,858.19945,2.56935,3.19826,4.10742,7.38784
Lu0.5Yb0.5Tm0.5Er0.5Si1O5,0.021,10.36614,0.2685,0.30635,46.27344,62.73846,128.5,206.17612,114.25,127.45891,10.425,14.65419,0.54125,0.5877,2.46606,3.18006,23,29.01724,521.99375,557.81817,2.51721,2.6488,-613.2375,700.72942,-580.75,664.95476,0.30056,0.33713,49.625,65.62647,814.1875,854.84888,2.57062,3.19833,4.10731,7.38738
Y0.4Yb1.6Si1O5,19.4,8.52482,0.2686,0.30651,42.56492,59.48608,134.45,206.93259,95.875,116.24586,8.385,14.80237,0.5185,0.57515,1.82885,2.20826,20.75,28.75041,416.83,467.05295,2.58063,2.69065,-589.0125,665.59541,-557.5,631.13932,0.3,0.33623,47.875,62.75229,804.425,842.15468,2.41575,3.07691,4.1066,7.38769
Lu0.466Yb0.466Tm0.466Er0.3Ho0.3Si1O5,0.082,10.78184,0.26903,0.30732,46.09134,62.50579,128.53063,206.19289,113.58465,126.47436,10.36997,14.63264,0.54113,0.58773,2.46048,3.1691,22.87872,28.99138,522.86014,557.25903,2.51503,2.64774,-612.64116,700.26435,-580.15004,664.46119,0.304,0.34238,49.42486,65.35635,815.51163,856.91901,2.55508,3.17808,4.10156,7.39053
Ho0.5Yb0.5Lu0.5Tm0.5Si1O5,2.08,10.36614,0.26919,0.30737,46.12788,62.52692,128.3125,206.21446,113,126.56964,10.24375,14.63368,0.54062,0.58732,2.44912,3.15366,22.75,28.97561,520.55625,556.17051,2.51182,2.64477,-612.8625,700.19578,-580.4375,664.51096,0.3075,0.34707,49.625,65.62647,818.625,860.29678,2.55625,3.17868,4.10163,7.38963
Tm2Si1O5,0.084,7.48473,0.26925,0.30737,45.74412,61.91056,128.75,206.09606,107.375,114.01695,10.475,14.39656,0.55,0.59187,2.62125,3.35096,23.75,28.97669,563,575.85252,2.56504,2.67883,-625.3625,717.45675,-592,680.43222,0.31,0.3502,49.625,65.34014,818.625,859.93513,2.48125,3.05996,4.10025,7.38985
Lu0.1Yb0.1Tm1.6Er0.1Ho0.1Si1O5,0.08,9.1011,0.2694,0.30761,45.79994,62.00301,128.7625,206.09796,108.9375,117.01099,10.4675,14.44845,0.548,0.59091,2.58365,3.30881,23.5375,28.97827,553.91125,571.72889,2.55344,2.67147,-622.2375,713.18238,-589.0625,676.41965,0.30861,0.3484,49.5,65.21671,817.7,858.87578,2.49675,3.08504,4.0991,7.39035
Lu0.2Yb0.2Tm1.2Er0.2Ho0.2Si1O5,0.082,10.03615,0.26955,0.30784,45.85575,62.09524,128.775,206.09985,110.5,119.89722,10.46,14.50016,0.546,0.58993,2.54605,3.26542,23.325,28.97731,544.8225,567.33874,2.54183,2.66402,-619.1125,708.85985,-586.125,672.36228,0.30722,0.34659,49.375,65.09265,816.775,857.8135,2.51225,3.1098,4.09795,7.39085
Yb0.6667Tm0.6667Er0.6667Si1O5,0.096,9.76833,0.26959,0.30788,45.94867,62.23306,128.91706,206.07495,102.79328,114.2386,9.97506,14.65522,0.53667,0.58515,2.37099,3.03796,22.50022,28.93956,498.50152,536.35236,2.56451,2.67855,-609.04631,694.73746,-576.18292,658.37402,0.29992,0.33629,47.9599,62.85175,806.72788,845.09665,2.53216,3.13861,4.0975,7.39094
Lu0.3Yb0.3Tm0.8Er0.3Ho0.3Si1O5,0.159,10.61243,0.2697,0.30808,45.91156,62.18726,128.7875,206.10175,112.0625,122.68326,10.4525,14.55168,0.544,0.58895,2.50845,3.22073,23.1125,28.97383,535.73375,562.67585,2.53023,2.65646,-615.9875,704.48827,-583.1875,668.2593,0.30584,0.34475,49.25,64.96796,815.85,856.74828,2.52775,3.13424,4.0968,7.39135
Lu0.4Yb0.4Tm0.4Er0.4Ho0.4Si1O5,0.231,10.82995,0.26985,0.30831,45.96738,62.27906,128.8,206.10364,113.625,125.37577,10.445,14.603,0.542,0.58794,2.47085,3.17469,22.9,28.96781,526.645,557.73337,2.51863,2.6488,-612.8625,700.06673,-580.25,664.10985,0.30445,0.3429,49.125,64.84264,814.925,855.68011,2.54325,3.15836,4.09565,7.39185
Lu0.5Yb0.5Er0.5Y0.5Si1O5,3.476,10.36614,0.26994,0.30846,41.27169,57.94839,137.125,206.72674,122.375,135.05678,10.0875,14.71318,0.53937,0.58656,2.16306,2.86585,22.75,28.96698,520.80625,556.35113,2.51927,2.65044,-604.3,688.04823,-572.625,653.3944,0.30056,0.33713,49.9375,66.10853,813.6875,854.21031,2.34625,2.99471,4.095,7.39214
Lu0.5Yb0.5Er0.5Ho0.5Si1O5,0.088,10.36614,0.27,0.30855,46.02319,62.37064,128.8125,206.10553,115.1875,127.98067,10.4375,14.65414,0.54,0.58693,2.43325,3.12724,22.6875,28.95925,517.55625,552.50379,2.50703,2.64103,-609.7375,695.59428,-577.3125,659.91307,0.30306,0.34103,49,64.71669,814,854.60897,2.55875,3.18218,4.0945,7.39234
Gd0.7Sc0.35Ho0.3Er0.3Tm0.35Si1O5,7.4,10.69936,0.2702,0.31053,39.08477,56.44484,154.04375,216.2327,117.0375,121.77377,9.96875,14.54321,0.54931,0.59211,2.19072,2.91806,23.4375,29.10409,538.0625,551.50143,2.56957,2.68364,-607.0375,692.19243,-571.4375,652.48902,0.32896,0.37999,48.7875,64.8648,818.84375,860.44562,2.16412,2.72231,4.11113,7.39403
Lu1Ho1Si1O5,0.082,8.92544,0.27025,0.30896,45.99775,62.34863,128.625,206.14434,129.875,137.86465,11.15,14.47777,0.55,0.59196,2.62075,3.36039,23.5,28.99299,568.875,584.22995,2.44989,2.60105,-618.6125,707.92693,-586.375,672.5509,0.31125,0.3524,50.875,67.65865,827.25,871.07984,2.56,3.18768,4.09288,7.39313
Ho0.5Yb0.5Lu0.5Y0.5Si1O5,2.51,10.36614,0.27062,0.30947,41.12612,57.6988,136.9375,206.77768,121.125,134.34077,9.90625,14.68599,0.53875,0.58618,2.14612,2.83358,22.5,28.92177,519.36875,554.69411,2.51388,2.64642,-603.925,687.49682,-572.3125,652.93642,0.3075,0.34707,49.9375,66.10853,818.125,859.66645,2.33187,2.97195,4.08931,7.39438
Yb1Y1Si1O5,1.34,8.92544,0.271,0.30998,36.2545,51.90203,145.25,206.86701,112.375,129.7667,8.6625,14.72152,0.5275,0.57999,1.6715,2.00847,21.5,28.79399,469.8625,515.83055,2.57787,2.68856,-589.2375,665.9145,-558.25,632.20608,0.30375,0.34159,49,64.49903,809,847.93993,2.10375,2.70824,4.08575,7.39563
Lu0.4Yb0.4Er0.4Ho0.4Y0.4Si1O5,4.55,10.82995,0.271,0.30998,41.96598,58.46988,135.7,206.57493,120.125,131.7008,10.175,14.65199,0.5405,0.58704,2.22845,2.93028,22.7,28.9267,525.695,556.57309,2.52028,2.65011,-605.7125,689.93942,-573.75,654.871,0.30445,0.3429,49.375,65.23651,814.525,855.17039,2.36375,2.99392,4.0858,7.39564
Dy0.333Ho0.333Er0.333Tm0.333Yb0.333Lu0.333Si1O5,0.059,11.2051,0.27105,0.31027,45.63134,61.81455,129.07527,206.0655,113.79282,124.41445,10.21112,14.61696,0.54191,0.58794,2.46232,3.1557,22.87034,28.94363,526.94382,554.93879,2.51527,2.64661,-611.93373,699.0869,-578.96412,662.6013,0.30854,0.34931,48.55151,64.01552,811.89647,852.34922,2.53135,3.14193,4.08423,7.39721
Ho0.5Yb0.5Lu0.5Dy0.5Si1O5,2.29,10.36614,0.27137,0.3106,45.72575,61.93836,128.75,206.1182,114.875,127.74709,9.8875,14.69216,0.53875,0.58618,2.40106,3.07659,22.5,28.92177,512.24375,546.53128,2.49648,2.63319,-608.8625,694.33662,-576.0625,658.12465,0.3125,0.35471,48.6875,64.28973,813.75,854.3107,2.55625,3.17868,4.08325,7.39683
Er0.6667Yb0.6667Y0.6667Si1O5,0.177,9.76833,0.27151,0.31066,39.27942,55.47082,140.41749,206.64155,113.62702,126.7505,9.52504,14.70866,0.53417,0.58359,1.96698,2.55049,22.16687,28.86219,496.91813,534.20265,2.56726,2.68063,-597.1292,677.46388,-565.34918,642.59334,0.29992,0.33629,48.37658,63.53898,806.06119,844.22557,2.23298,2.84529,4.08108,7.39725
Er0.4Tm0.4Yb0.4Dy0.4Y0.4Si1O5,5.1,10.82995,0.27235,0.31191,41.54282,57.72893,136.1,206.45565,112.625,122.89931,9.62,14.63406,0.539,0.58609,2.1902,2.8549,22.6,28.88278,516.695,545.10986,2.55407,2.6712,-605.2125,689.20394,-572.5,653.01079,0.30795,0.34827,48.125,63.16724,807.175,845.68642,2.33225,2.93713,4.07405,7.40005
Ho0.5Yb0.5Lu0.5Gd0.5Si1O5,0.85,10.36614,0.273,0.31311,45.39762,61.48194,133.3125,205.90945,116.4375,129.01963,9.81875,14.71769,0.5375,0.58546,2.36044,3.01851,22.3125,28.90173,506.05625,540.43889,2.50968,2.64309,-609.675,695.50399,-577,659.46323,0.31875,0.36542,48.375,63.88189,818.75,860.45494,2.48187,3.0858,4.07094,7.40201
Gd0.2857Dy0.2857Ho0.2857Er0.2857Tm0.2857Yb0.2857Lu0.2857Si1O5,0.061,11.5291,0.2731,0.31314,45.255,61.23033,131.89235,205.88058,114.87294,124.47832,10.00708,14.63541,0.54142,0.58741,2.4356,3.11121,22.74977,28.91012,523.98562,549.65759,2.52186,2.65015,-612.30952,699.15477,-579.12649,662.38252,0.31531,0.36002,48.01629,63.19046,813.24807,853.55366,2.48296,3.07686,4.06893,7.40247
Gd0.7Sc0.2Ho0.3Er0.7Tm0.1Si1O5,9.5,10.39357,0.27332,0.31437,41.32561,57.98505,146.8125,211.83758,117.5125,121.90102,10.13875,14.56471,0.54675,0.59036,2.2968,2.99493,23.1625,28.99091,535.7375,548.76354,2.55867,2.67498,-608.775,694.24402,-574,655.49437,0.32354,0.37331,47.575,62.75931,813.8875,854.24688,2.255,2.81074,4.07723,7.40382
Ho0.5Yb0.5Lu0.5Eu0.5Si1O5,2.4,10.36614,0.27356,0.31401,45.06725,61.04457,129.6875,205.95676,108.3125,125.35337,9.76875,14.73913,0.5375,0.58546,2.19438,2.85616,20.45625,29.63737,475.3625,524.87776,2.4797,2.62194,-599.175,681.33751,-566.0625,644.89347,0.30438,0.34274,48.0625,63.49355,814.375,855.05816,2.34937,2.97987,4.06688,7.40379
Gd0.6667Er0.6667Yb0.6667Si1O5,1.209,9.76833,0.27467,0.31547,44.97497,60.82115,135.58398,205.59215,107.37678,118.44375,9.40837,14.74577,0.53251,0.58261,2.25274,2.84275,21.91686,28.83027,479.16746,512.96513,2.56166,2.67642,-604.79615,688.38116,-571.59942,651.51616,0.31493,0.36167,46.29317,60.32356,806.89455,845.31514,2.43299,3.01053,4.05658,7.40736
Gd0.5Er0.5Yb0.5Y0.5Si1O5,3.96,10.36614,0.27475,0.3155,40.16438,56.00609,142.5,205.94015,115.5,126.28477,9.3375,14.7021,0.535,0.58385,2.04181,2.62495,22.125,28.82555,498.93125,529.78775,2.56453,2.6786,-600.9875,683.01227,-568.5625,647.20798,0.31369,0.35885,47.4375,62.17655,809.3125,848.3705,2.22062,2.7904,4.05519,7.40771
Gd0.6667Yb0.6667Y0.6667Si1O5,3.32,9.76833,0.27551,0.31665,38.44531,53.96003,146.41772,205.79623,115.29375,128.17584,8.70001,14.70068,0.53084,0.58156,1.86989,2.33731,21.66685,28.76874,481.58422,516.39714,2.57079,2.68321,-597.04586,677.33775,-564.9325,641.9646,0.32084,0.36893,47.54322,62.38659,812.39476,852.19293,2.13048,2.67905,4.04966,7.41002
Ho0.5Yb0.5Lu0.5Nd0.5Si1O5,1.05,10.36614,0.27581,0.3177,44.58462,60.44662,130.1875,205.89569,115.1875,127.98067,9.6375,14.8068,0.53375,0.58354,2.30475,2.95012,21.9375,28.9141,487.80625,528.15994,2.47061,2.61648,-597.3,679.02232,-564.1875,642.63136,0.31938,0.36656,47.75,63.12506,807.0625,846.68678,2.47125,3.07441,4.05188,7.41062
